name,date
Joan Collins,2021-01-10
Sir David Attenborough,2021-01-12
Sir Tom Jones,2021-01-30
Alex George,2021-01-06
Judi Dench,2021-01-14
Patrick Stewart,2021-01-22
Anthony Daniels,2021-02-03
Anthony Hopkins,2021-01-28
Sir Elton John,2021-02-10
Sir Michael Caine,2021-02-10
Ozzy Osbourne,2021-02-12
Stephen Fry,2021-03-09
Queen Elizabeth,2021-01-09
Prince Phillip,2021-01-09
Prince Charles and Camilla,2021-02-10
Tom Parker,2021-01-27
Sir Tony Robinson,2021-01-22
Nick Hewer,2021-01-24
Angela Rippon,2021-01-20
Shakin Stevens,2021-02-07
Amy Dowden,2021-02-05
Philippa Perry,2021-02-11
Alan Titchmarsh,2021-02-01
